ABONNEMENT / SERVICES,32
AMENAGEMENT URBAIN - VOIRIE,2906
ANIMALERIE,127295
APICULTURE,30
ART DE LA TABLE - ARTICLES CULINAIRES,287488
ARTICLES POUR FUMEUR,65709
AUTO - MOTO,1193619
BAGAGERIE,434675
BATEAU MOTEUR - VOILIER,16670
BIJOUX -  LUNETTES - MONTRES,688243
BRICOLAGE - OUTILLAGE - QUINCAILLERIE,620366
CHAUSSURES - ACCESSOIRES,369325
COFFRET CADEAU BOX,2013
CONDITIONNEMENT,10004
DECO - LINGE - LUMINAIRE,1111509
DROGUERIE,38713
DVD - BLU-RAY,86739
ELECTROMENAGER,378019
ELECTRONIQUE,33592
EPICERIE,37815
FUNERAIRE,208
HYGIENE - BEAUTE - PARFUM,377255
INFORMATIQUE,1124907
INSTRUMENTS DE MUSIQUE,40174
JARDIN - PISCINE,193652
JEUX - JOUETS,551408
JEUX VIDEO,92438
LIBRAIRIE,863965
LITERIE,96358
LOISIRS CREATIFS - BEAUX ARTS - PAPETERIE,167986
MANUTENTION,5174
MATERIEL DE BUREAU,16743
MATERIEL MEDICAL,58221
MERCERIE,36569
MEUBLE,317519
MUSIQUE,373218
PARAPHARMACIE,38896
PHOTO - OPTIQUE,273586
POINT DE VENTE - COMMERCE - ADMINISTRATION,9231
PRODUITS FRAIS,138
PRODUITS SURGELES,27
PUERICULTURE,130643
SONO - DJ,32576
SPORT,434791
TATOUAGE - PIERCING,53438
TELEPHONIE - GPS,1227001
TENUE PROFESSIONNELLE,22585
TV - VIDEO - SON,304563
VIN - ALCOOL - LIQUIDES,23261
