ABONNEMENT / SERVICES,1
AMENAGEMENT URBAIN - VOIRIE,9
ANIMALERIE,158
APICULTURE,1
ART DE LA TABLE - ARTICLES CULINAIRES,237
ARTICLES POUR FUMEUR,48
AUTO - MOTO,440
BAGAGERIE,57
BATEAU MOTEUR - VOILIER,88
BIJOUX -  LUNETTES - MONTRES,50
BRICOLAGE - OUTILLAGE - QUINCAILLERIE,441
CHAUSSURES - ACCESSOIRES,33
COFFRET CADEAU BOX,6
CONDITIONNEMENT,42
DECO - LINGE - LUMINAIRE,206
DROGUERIE,81
DVD - BLU-RAY,16
ELECTROMENAGER,196
ELECTRONIQUE,83
EPICERIE,101
FUNERAIRE,1
HYGIENE - BEAUTE - PARFUM,184
INFORMATIQUE,137
INSTRUMENTS DE MUSIQUE,84
JARDIN - PISCINE,230
JEUX - JOUETS,230
JEUX VIDEO,74
LIBRAIRIE,162
LITERIE,26
LOISIRS CREATIFS - BEAUX ARTS - PAPETERIE,220
MANUTENTION,19
MATERIEL DE BUREAU,45
MATERIEL MEDICAL,104
MERCERIE,33
MEUBLE,106
MUSIQUE,29
PARAPHARMACIE,99
PHOTO - OPTIQUE,103
POINT DE VENTE - COMMERCE - ADMINISTRATION,43
PRODUITS FRAIS,2
PRODUITS SURGELES,1
PUERICULTURE,180
SONO - DJ,38
SPORT,555
TATOUAGE - PIERCING,25
TELEPHONIE - GPS,85
TENUE PROFESSIONNELLE,42
TV - VIDEO - SON,89
VIN - ALCOOL - LIQUIDES,30
